1416,416,584,185,919,631,"Parliamentarian",1
1417,417,597,190,919,631,"Parliamentarian",1
1418,418,609,196,919,631,"Parliamentarian",1
1419,419,622,203,919,631,"Parliamentarian",1
1420,420,634,210,919,631,"Parliamentarian",1
1421,421,646,217,919,631,"Parliamentarian",1
1422,422,657,225,919,631,"Parliamentarian",1
1423,423,669,234,919,631,"Parliamentarian",1
1424,424,679,243,919,631,"Parliamentarian",1
1425,425,690,252,919,631,"Parliamentarian",1
1426,426,700,262,919,631,"Parliamentarian",1
1427,427,710,272,919,631,"Parliamentarian",1
1428,428,719,283,919,631,"Parliamentarian",1
1429,429,728,294,919,631,"Parliamentarian",1
1430,430,755,325,919,631,"Parliamentarian",1
1431,431,761,337,919,631,"Parliamentarian",1
1432,432,767,350,919,631,"Parliamentarian",1
1433,433,773,363,919,631,"Parliamentarian",1
1434,434,778,376,919,631,"Parliamentarian",1
1435,435,782,390,919,631,"Parliamentarian",1
1436,436,786,403,919,631,"Parliamentarian",1
1437,437,790,417,919,631,"Parliamentarian",1
1438,438,792,430,919,631,"Parliamentarian",1
1439,439,795,444,919,631,"Parliamentarian",1
1440,440,796,458,919,631,"Parliamentarian",1
1441,441,797,472,919,631,"Parliamentarian",1
1442,442,798,486,919,631,"Parliamentarian",1
1443,443,797,500,919,631,"Parliamentarian",1
1444,444,797,515,919,631,"Parliamentarian",1
1337,337,577,216,919,631,"Parliamentarian",1
1338,338,589,222,919,631,"Parliamentarian",1
1339,339,602,228,919,631,"Parliamentarian",1
1340,340,614,235,919,631,"Parliamentarian",1
1341,341,626,242,919,631,"Parliamentarian",1
1342,342,638,250,919,631,"Parliamentarian",1
1343,343,649,259,919,631,"Parliamentarian",1
1344,344,660,268,919,631,"Parliamentarian",1
1345,345,671,277,919,631,"Parliamentarian",1
1346,346,681,287,919,631,"Parliamentarian",1
1347,347,690,297,919,631,"Parliamentarian",1
1348,348,699,308,919,631,"Parliamentarian",1
1349,349,727,337,919,631,"Parliamentarian",1
1350,350,734,349,919,631,"Parliamentarian",1
1351,351,740,362,919,631,"Parliamentarian",1
1352,352,745,375,919,631,"Parliamentarian",1
1353,353,750,388,919,631,"Parliamentarian",1
1354,354,754,402,919,631,"Parliamentarian",1
1355,355,758,415,919,631,"Parliamentarian",1
1356,356,761,429,919,631,"Parliamentarian",1
1357,357,763,443,919,631,"Parliamentarian",1
1358,358,765,457,919,631,"Parliamentarian",1
1359,359,766,471,919,631,"Parliamentarian",1
1360,360,766,485,919,631,"Parliamentarian",1
1361,361,766,499,919,631,"Parliamentarian",1
1362,362,765,513,919,631,"Parliamentarian",1
1264,264,565,245,919,631,"Parliamentarian",1
1265,265,578,251,919,631,"Parliamentarian",1
1266,266,590,257,919,631,"Parliamentarian",1
1267,267,603,264,919,631,"Parliamentarian",1
1268,268,615,272,919,631,"Parliamentarian",1
1269,269,626,280,919,631,"Parliamentarian",1
1270,270,637,289,919,631,"Parliamentarian",1
1271,271,648,298,919,631,"Parliamentarian",1
1272,272,658,308,919,631,"Parliamentarian",1
1273,273,667,318,919,631,"Parliamentarian",1
1274,274,677,329,919,631,"Parliamentarian",1
1275,275,702,358,919,631,"Parliamentarian",1
1276,276,709,370,919,631,"Parliamentarian",1
1277,277,714,383,919,631,"Parliamentarian",1
1278,278,720,396,919,631,"Parliamentarian",1
1279,279,724,410,919,631,"Parliamentarian",1
1280,280,728,423,919,631,"Parliamentarian",1
1281,281,731,437,919,631,"Parliamentarian",1
1282,282,734,451,919,631,"Parliamentarian",1
1283,283,735,465,919,631,"Parliamentarian",1
1284,284,736,479,919,631,"Parliamentarian",1
1285,285,737,493,919,631,"Parliamentarian",1
1286,286,736,507,919,631,"Parliamentarian",1
1200,200,560,276,919,631,"Parliamentarian",1
1201,201,572,282,919,631,"Parliamentarian",1
1202,202,585,289,919,631,"Parliamentarian",1
1203,203,596,297,919,631,"Parliamentarian",1
1204,204,608,305,919,631,"Parliamentarian",1
1205,205,619,315,919,631,"Parliamentarian",1
1206,206,629,324,919,631,"Parliamentarian",1
1207,207,639,334,919,631,"Parliamentarian",1
1208,208,648,345,919,631,"Parliamentarian",1
1209,209,675,379,919,631,"Parliamentarian",1
1210,210,682,392,919,631,"Parliamentarian",1
1211,211,688,405,919,631,"Parliamentarian",1
1212,212,693,418,919,631,"Parliamentarian",1
1213,213,697,431,919,631,"Parliamentarian",1
1214,214,700,445,919,631,"Parliamentarian",1
1215,215,703,459,919,631,"Parliamentarian",1
1216,216,705,473,919,631,"Parliamentarian",1
1217,217,706,487,919,631,"Parliamentarian",1
1218,218,706,501,919,631,"Parliamentarian",1
1147,147,548,303,919,631,"Parliamentarian",1
1148,148,561,310,919,631,"Parliamentarian",1
1149,149,573,317,919,631,"Parliamentarian",1
1150,150,584,326,919,631,"Parliamentarian",1
1151,151,595,334,919,631,"Parliamentarian",1
1152,152,605,344,919,631,"Parliamentarian",1
1153,153,615,354,919,631,"Parliamentarian",1
1154,154,624,365,919,631,"Parliamentarian",1
1155,155,651,399,919,631,"Parliamentarian",1
1156,156,657,412,919,631,"Parliamentarian",1
1157,157,663,425,919,631,"Parliamentarian",1
1158,158,667,438,919,631,"Parliamentarian",1
1159,159,670,452,919,631,"Parliamentarian",1
1160,160,673,465,919,631,"Parliamentarian",1
1161,161,675,479,919,631,"Parliamentarian",1
1162,162,675,494,919,631,"Parliamentarian",1
1101,101,537,331,919,631,"Parliamentarian",1
1102,102,549,338,919,631,"Parliamentarian",1
1103,103,561,345,919,631,"Parliamentarian",1
1104,104,572,354,919,631,"Parliamentarian",1
1105,105,583,363,919,631,"Parliamentarian",1
1106,106,592,374,919,631,"Parliamentarian",1
1107,107,602,384,919,631,"Parliamentarian",1
1108,108,624,412,919,631,"Parliamentarian",1
1109,109,630,425,919,631,"Parliamentarian",1
1110,110,636,438,919,631,"Parliamentarian",1
1111,111,640,452,919,631,"Parliamentarian",1
1112,112,643,466,919,631,"Parliamentarian",1
1113,113,645,480,919,631,"Parliamentarian",1
1114,114,646,494,919,631,"Parliamentarian",1
1063,63,530,362,919,631,"Parliamentarian",1
1064,64,542,370,919,631,"Parliamentarian",1
1065,65,554,378,919,631,"Parliamentarian",1
1066,66,564,388,919,631,"Parliamentarian",1
1067,67,574,398,919,631,"Parliamentarian",1
1068,68,600,433,919,631,"Parliamentarian",1
1069,69,605,445,919,631,"Parliamentarian",1
1070,70,610,459,919,631,"Parliamentarian",1
1071,71,613,473,919,631,"Parliamentarian",1
1072,72,615,487,919,631,"Parliamentarian",1
1036,36,520,391,919,631,"Parliamentarian",1
1037,37,532,398,919,631,"Parliamentarian",1
1038,38,543,407,919,631,"Parliamentarian",1
1039,39,553,417,919,631,"Parliamentarian",1
1040,40,575,452,919,631,"Parliamentarian",1
1041,41,580,466,919,631,"Parliamentarian",1
1042,42,583,479,919,631,"Parliamentarian",1
1863,863,913,307,919,631,"Parliamentarian",1
1862,862,907,294,919,631,"Parliamentarian",1
1861,861,901,282,919,631,"Parliamentarian",1
1860,860,895,269,919,631,"Parliamentarian",1
1859,859,888,257,919,631,"Parliamentarian",1
1858,858,881,245,919,631,"Parliamentarian",1
1857,857,874,233,919,631,"Parliamentarian",1
1856,856,849,198,919,631,"Parliamentarian",1
1855,855,841,187,919,631,"Parliamentarian",1
1854,854,831,177,919,631,"Parliamentarian",1
1853,853,822,166,919,631,"Parliamentarian",1
1852,852,812,156,919,631,"Parliamentarian",1
1851,851,802,146,919,631,"Parliamentarian",1
1850,850,792,136,919,631,"Parliamentarian",1
1849,849,782,127,919,631,"Parliamentarian",1
1848,848,771,118,919,631,"Parliamentarian",1
1847,847,760,109,919,631,"Parliamentarian",1
1846,846,749,101,919,631,"Parliamentarian",1
1845,845,737,93,919,631,"Parliamentarian",1
1844,844,726,85,919,631,"Parliamentarian",1
1843,843,714,77,919,631,"Parliamentarian",1
1842,842,701,70,919,631,"Parliamentarian",1
1841,841,689,64,919,631,"Parliamentarian",1
1840,840,677,57,919,631,"Parliamentarian",1
1839,839,664,51,919,631,"Parliamentarian",1
1838,838,651,46,919,631,"Parliamentarian",1
1837,837,638,40,919,631,"Parliamentarian",1
1788,788,910,406,919,631,"Parliamentarian",1
1787,787,907,393,919,631,"Parliamentarian",1
1786,786,904,379,919,631,"Parliamentarian",1
1785,785,900,365,919,631,"Parliamentarian",1
1784,784,896,352,919,631,"Parliamentarian",1
1783,783,892,338,919,631,"Parliamentarian",1
1782,782,887,325,919,631,"Parliamentarian",1
1781,781,882,312,919,631,"Parliamentarian",1
1780,780,877,299,919,631,"Parliamentarian",1
1779,779,871,286,919,631,"Parliamentarian",1
1778,778,865,274,919,631,"Parliamentarian",1
1777,777,858,261,919,631,"Parliamentarian",1
1776,776,851,249,919,631,"Parliamentarian",1
1775,775,826,218,919,631,"Parliamentarian",1
1774,774,817,207,919,631,"Parliamentarian",1
1773,773,808,196,919,631,"Parliamentarian",1
1772,772,799,186,919,631,"Parliamentarian",1
1771,771,789,176,919,631,"Parliamentarian",1
1770,770,779,166,919,631,"Parliamentarian",1
1769,769,769,156,919,631,"Parliamentarian",1
1768,768,759,147,919,631,"Parliamentarian",1
1767,767,747,138,919,631,"Parliamentarian",1
1766,766,736,130,919,631,"Parliamentarian",1
1765,765,725,121,919,631,"Parliamentarian",1
1764,764,713,114,919,631,"Parliamentarian",1
1763,763,702,106,919,631,"Parliamentarian",1
1762,762,689,99,919,631,"Parliamentarian",1
1761,761,677,92,919,631,"Parliamentarian",1
1760,760,665,86,919,631,"Parliamentarian",1
1759,759,652,80,919,631,"Parliamentarian",1
1758,758,639,74,919,631,"Parliamentarian",1
1757,757,626,69,919,631,"Parliamentarian",1
1705,705,889,480,919,631,"Parliamentarian",1
1704,704,889,466,919,631,"Parliamentarian",1
1703,703,888,452,919,631,"Parliamentarian",1
1702,702,887,438,919,631,"Parliamentarian",1
1701,701,885,424,919,631,"Parliamentarian",1
1700,700,883,410,919,631,"Parliamentarian",1
1699,699,880,396,919,631,"Parliamentarian",1
1698,698,877,383,919,631,"Parliamentarian",1
1697,697,873,369,919,631,"Parliamentarian",1
1696,696,869,356,919,631,"Parliamentarian",1
1695,695,865,342,919,631,"Parliamentarian",1
1694,694,860,329,919,631,"Parliamentarian",1
1693,693,854,316,919,631,"Parliamentarian",1
1692,692,848,303,919,631,"Parliamentarian",1
1691,691,842,291,919,631,"Parliamentarian",1
1690,690,835,278,919,631,"Parliamentarian",1
1689,689,828,266,919,631,"Parliamentarian",1
1688,688,803,238,919,631,"Parliamentarian",1
1687,687,795,227,919,631,"Parliamentarian",1
1686,686,786,216,919,631,"Parliamentarian",1
1685,685,776,206,919,631,"Parliamentarian",1
1684,684,766,195,919,631,"Parliamentarian",1
1683,683,756,186,919,631,"Parliamentarian",1
1682,682,746,176,919,631,"Parliamentarian",1
1681,681,735,167,919,631,"Parliamentarian",1
1680,680,724,158,919,631,"Parliamentarian",1
1679,679,713,150,919,631,"Parliamentarian",1
1678,678,701,142,919,631,"Parliamentarian",1
1677,677,690,134,919,631,"Parliamentarian",1
1676,676,678,127,919,631,"Parliamentarian",1
1675,675,665,120,919,631,"Parliamentarian",1
1674,674,653,114,919,631,"Parliamentarian",1
1673,673,640,107,919,631,"Parliamentarian",1
1671,671,614,97,919,631,"Parliamentarian",1
1672,672,627,102,919,631,"Parliamentarian",1
1607,607,847,388,919,631,"Parliamentarian",1
1608,608,850,401,919,631,"Parliamentarian",1
1609,609,853,415,919,631,"Parliamentarian",1
1610,610,855,429,919,631,"Parliamentarian",1
1611,611,857,443,919,631,"Parliamentarian",1
1612,612,859,457,919,631,"Parliamentarian",1
1613,613,859,471,919,631,"Parliamentarian",1
1614,614,860,485,919,631,"Parliamentarian",1
1615,615,860,499,919,631,"Parliamentarian",1
1616,616,859,513,919,631,"Parliamentarian",1
1617,617,858,527,919,631,"Parliamentarian",1
1599,599,803,285,919,631,"Parliamentarian",1
1600,600,810,297,919,631,"Parliamentarian",1
1601,601,817,309,919,631,"Parliamentarian",1
1602,602,823,322,919,631,"Parliamentarian",1
1603,603,828,335,919,631,"Parliamentarian",1
1604,604,834,348,919,631,"Parliamentarian",1
1605,605,838,361,919,631,"Parliamentarian",1
1606,606,843,374,919,631,"Parliamentarian",1
1583,583,608,128,919,631,"Parliamentarian",1
1584,584,621,134,919,631,"Parliamentarian",1
1585,585,634,140,919,631,"Parliamentarian",1
1586,586,646,146,919,631,"Parliamentarian",1
1587,587,659,153,919,631,"Parliamentarian",1
1588,588,671,160,919,631,"Parliamentarian",1
1589,589,683,167,919,631,"Parliamentarian",1
1590,590,694,175,919,631,"Parliamentarian",1
1591,591,706,184,919,631,"Parliamentarian",1
1592,592,716,193,919,631,"Parliamentarian",1
1593,593,727,202,919,631,"Parliamentarian",1
1594,594,737,211,919,631,"Parliamentarian",1
1595,595,747,221,919,631,"Parliamentarian",1
1596,596,757,231,919,631,"Parliamentarian",1
1597,597,766,242,919,631,"Parliamentarian",1
1598,598,775,253,919,631,"Parliamentarian",1
1498,498,597,156,919,631,"Parliamentarian",1
1499,499,610,161,919,631,"Parliamentarian",1
1500,500,623,167,919,631,"Parliamentarian",1
1501,501,636,174,919,631,"Parliamentarian",1
1502,502,648,181,919,631,"Parliamentarian",1
1503,503,660,188,919,631,"Parliamentarian",1
1504,504,672,196,919,631,"Parliamentarian",1
1505,505,683,205,919,631,"Parliamentarian",1
1506,506,694,213,919,631,"Parliamentarian",1
1507,507,705,222,919,631,"Parliamentarian",1
1508,508,715,232,919,631,"Parliamentarian",1
1509,509,725,242,919,631,"Parliamentarian",1
1510,510,735,252,919,631,"Parliamentarian",1
1511,511,744,263,919,631,"Parliamentarian",1
1512,512,753,274,919,631,"Parliamentarian",1
1513,513,779,304,919,631,"Parliamentarian",1
1514,514,786,316,919,631,"Parliamentarian",1
1515,515,792,329,919,631,"Parliamentarian",1
1516,516,798,341,919,631,"Parliamentarian",1
1517,517,804,354,919,631,"Parliamentarian",1
1518,518,808,368,919,631,"Parliamentarian",1
1519,519,813,381,919,631,"Parliamentarian",1
1520,520,817,395,919,631,"Parliamentarian",1
1521,521,820,408,919,631,"Parliamentarian",1
1522,522,823,422,919,631,"Parliamentarian",1
1523,523,825,436,919,631,"Parliamentarian",1
1524,524,827,450,919,631,"Parliamentarian",1
1525,525,828,464,919,631,"Parliamentarian",1
1526,526,828,478,919,631,"Parliamentarian",1
1527,527,828,493,919,631,"Parliamentarian",1
1528,528,828,507,919,631,"Parliamentarian",1
1529,529,827,521,919,631,"Parliamentarian",1
1530,530,822,570,919,631,"Parliamentarian",1
1531,531,819,584,919,631,"Parliamentarian",1
1445,445,794,564,919,631,"Parliamentarian",1
1446,446,791,578,919,631,"Parliamentarian",1
1447,447,787,591,919,631,"Parliamentarian",1
1448,448,783,605,919,631,"Parliamentarian",1
1363,363,764,557,919,631,"Commission",1
1364,364,761,571,919,631,"Commission",1
1365,365,757,585,919,631,"Commission",1
1366,366,753,598,919,631,"Commission",1
1367,367,748,611,919,631,"Commission",1
1368,368,742,624,919,631,"Commission",1
1287,287,734,552,919,631,"Commission",1
1288,288,730,566,919,631,"Commission",1
1289,289,726,579,919,631,"Commission",1
1290,290,722,593,919,631,"Commission",1
1291,291,716,606,919,631,"Commission",1
1292,292,710,618,919,631,"Commission",1
1219,219,703,546,919,631,"Commission",1
1220,220,699,560,919,631,"Commission",1
1221,221,695,573,919,631,"Commission",1
1222,222,690,586,919,631,"Commission",1
1223,223,684,599,919,631,"Commission",1
1163,163,672,540,919,631,"Commission",1
1164,164,668,553,919,631,"Commission",1
1165,165,664,567,919,631,"Commission",1
1166,166,658,580,919,631,"Commission",1
1115,115,641,534,919,631,"Commission",1
1116,116,636,547,919,631,"Commission",1
1117,117,631,560,919,631,"Commission",1
1118,118,625,573,919,631,"Commission",1
1073,73,612,528,919,631,"Commission",1
1074,74,608,542,919,631,"Commission",1
1075,75,603,555,919,631,"Commission",1
1043,43,583,521,919,631,"Commission",1
1044,44,580,535,919,631,"Commission",1
1021,21,554,515,919,631,"Commission",1
1022,22,551,528,919,631,"Commission",1
1789,789,7,307,919,631,"Parliamentarian",1
1790,790,13,294,919,631,"Parliamentarian",1
1791,791,19,282,919,631,"Parliamentarian",1
1792,792,25,269,919,631,"Parliamentarian",1
1793,793,32,257,919,631,"Parliamentarian",1
1794,794,39,245,919,631,"Parliamentarian",1
1795,795,46,233,919,631,"Parliamentarian",1
1796,796,71,198,919,631,"Parliamentarian",1
1797,797,80,187,919,631,"Parliamentarian",1
1798,798,88,177,919,631,"Parliamentarian",1
1799,799,98,166,919,631,"Parliamentarian",1
1800,800,108,156,919,631,"Parliamentarian",1
1801,801,117,146,919,631,"Parliamentarian",1
1802,802,128,136,919,631,"Parliamentarian",1
1803,803,138,127,919,631,"Parliamentarian",1
1804,804,149,118,919,631,"Parliamentarian",1
1805,805,160,109,919,631,"Parliamentarian",1
1806,806,171,101,919,631,"Parliamentarian",1
1807,807,183,93,919,631,"Parliamentarian",1
1808,808,194,85,919,631,"Parliamentarian",1
1809,809,206,77,919,631,"Parliamentarian",1
1810,810,218,70,919,631,"Parliamentarian",1
1811,811,231,64,919,631,"Parliamentarian",1
1812,812,243,57,919,631,"Parliamentarian",1
1813,813,256,51,919,631,"Parliamentarian",1
1814,814,269,46,919,631,"Parliamentarian",1
1815,815,282,40,919,631,"Parliamentarian",1
1706,706,10,406,919,631,"Parliamentarian",1
1707,707,13,393,919,631,"Parliamentarian",1
1708,708,16,379,919,631,"Parliamentarian",1
1709,709,20,365,919,631,"Parliamentarian",1
1710,710,23,352,919,631,"Parliamentarian",1
1711,711,28,338,919,631,"Parliamentarian",1
1712,712,33,325,919,631,"Parliamentarian",1
1713,713,38,312,919,631,"Parliamentarian",1
1714,714,43,299,919,631,"Parliamentarian",1
1715,715,49,286,919,631,"Parliamentarian",1
1716,716,55,274,919,631,"Parliamentarian",1
1717,717,62,261,919,631,"Parliamentarian",1
1718,718,69,249,919,631,"Parliamentarian",1
1719,719,94,218,919,631,"Parliamentarian",1
1720,720,103,207,919,631,"Parliamentarian",1
1721,721,112,196,919,631,"Parliamentarian",1
1722,722,121,186,919,631,"Parliamentarian",1
1723,723,131,176,919,631,"Parliamentarian",1
1724,724,141,166,919,631,"Parliamentarian",1
1725,725,151,156,919,631,"Parliamentarian",1
1726,726,162,147,919,631,"Parliamentarian",1
1727,727,172,138,919,631,"Parliamentarian",1
1728,728,184,130,919,631,"Parliamentarian",1
1729,729,195,121,919,631,"Parliamentarian",1
1730,730,207,114,919,631,"Parliamentarian",1
1731,731,218,106,919,631,"Parliamentarian",1
1732,732,231,99,919,631,"Parliamentarian",1
1733,733,243,92,919,631,"Parliamentarian",1
1734,734,255,86,919,631,"Parliamentarian",1
1735,735,268,80,919,631,"Parliamentarian",1
1736,736,281,74,919,631,"Parliamentarian",1
1737,737,294,69,919,631,"Parliamentarian",1
1618,618,31,480,919,631,"Parliamentarian",1
1619,619,31,466,919,631,"Parliamentarian",1
1620,620,32,452,919,631,"Parliamentarian",1
1621,621,33,438,919,631,"Parliamentarian",1
1622,622,35,424,919,631,"Parliamentarian",1
1623,623,37,410,919,631,"Parliamentarian",1
1624,624,40,396,919,631,"Parliamentarian",1
1625,625,43,383,919,631,"Parliamentarian",1
1626,626,47,369,919,631,"Parliamentarian",1
1627,627,51,356,919,631,"Parliamentarian",1
1628,628,55,342,919,631,"Parliamentarian",1
1629,629,60,329,919,631,"Parliamentarian",1
1630,630,66,316,919,631,"Parliamentarian",1
1631,631,72,303,919,631,"Parliamentarian",1
1632,632,78,291,919,631,"Parliamentarian",1
1633,633,84,278,919,631,"Parliamentarian",1
1634,634,92,266,919,631,"Parliamentarian",1
1635,635,117,238,919,631,"Parliamentarian",1
1636,636,125,227,919,631,"Parliamentarian",1
1637,637,134,216,919,631,"Parliamentarian",1
1638,638,144,206,919,631,"Parliamentarian",1
1639,639,154,195,919,631,"Parliamentarian",1
1640,640,164,186,919,631,"Parliamentarian",1
1641,641,174,176,919,631,"Parliamentarian",1
1642,642,185,167,919,631,"Parliamentarian",1
1643,643,196,158,919,631,"Parliamentarian",1
1644,644,207,150,919,631,"Parliamentarian",1
1645,645,219,142,919,631,"Parliamentarian",1
1646,646,230,134,919,631,"Parliamentarian",1
1647,647,242,127,919,631,"Parliamentarian",1
1648,648,255,120,919,631,"Parliamentarian",1
1649,649,267,114,919,631,"Parliamentarian",1
1650,650,280,107,919,631,"Parliamentarian",1
1652,652,306,97,919,631,"Parliamentarian",1
1651,651,293,102,919,631,"Parliamentarian",1
1542,542,73,388,919,631,"Parliamentarian",1
1541,541,70,401,919,631,"Parliamentarian",1
1540,540,67,415,919,631,"Parliamentarian",1
1539,539,65,429,919,631,"Parliamentarian",1
1538,538,63,443,919,631,"Parliamentarian",1
1537,537,61,457,919,631,"Parliamentarian",1
1536,536,60,471,919,631,"Parliamentarian",1
1535,535,60,485,919,631,"Parliamentarian",1
1534,534,60,499,919,631,"Parliamentarian",1
1533,533,61,513,919,631,"Parliamentarian",1
1532,532,62,527,919,631,"Parliamentarian",1
1550,550,117,285,919,631,"Parliamentarian",1
1549,549,110,297,919,631,"Parliamentarian",1
1548,548,103,309,919,631,"Parliamentarian",1
1547,547,97,322,919,631,"Parliamentarian",1
1546,546,91,335,919,631,"Parliamentarian",1
1545,545,86,348,919,631,"Parliamentarian",1
1544,544,81,361,919,631,"Parliamentarian",1
1543,543,77,374,919,631,"Parliamentarian",1
1566,566,312,128,919,631,"Parliamentarian",1
1565,565,299,134,919,631,"Parliamentarian",1
1564,564,286,140,919,631,"Parliamentarian",1
1563,563,274,146,919,631,"Parliamentarian",1
1562,562,261,153,919,631,"Parliamentarian",1
1561,561,249,160,919,631,"Parliamentarian",1
1560,560,237,167,919,631,"Parliamentarian",1
1559,559,226,175,919,631,"Parliamentarian",1
1558,558,214,184,919,631,"Parliamentarian",1
1557,557,203,193,919,631,"Parliamentarian",1
1556,556,193,202,919,631,"Parliamentarian",1
1555,555,183,211,919,631,"Parliamentarian",1
1554,554,173,221,919,631,"Parliamentarian",1
1553,553,163,231,919,631,"Parliamentarian",1
1552,552,154,242,919,631,"Parliamentarian",1
1551,551,145,253,919,631,"Parliamentarian",1
1482,482,323,156,919,631,"Parliamentarian",1
1481,481,310,161,919,631,"Parliamentarian",1
1480,480,297,167,919,631,"Parliamentarian",1
1479,479,284,174,919,631,"Parliamentarian",1
1478,478,272,181,919,631,"Parliamentarian",1
1477,477,260,188,919,631,"Parliamentarian",1
1476,476,248,196,919,631,"Parliamentarian",1
1475,475,237,205,919,631,"Parliamentarian",1
1474,474,226,213,919,631,"Parliamentarian",1
1473,473,215,222,919,631,"Parliamentarian",1
1472,472,205,232,919,631,"Parliamentarian",1
1471,471,195,242,919,631,"Parliamentarian",1
1470,470,185,252,919,631,"Parliamentarian",1
1469,469,176,263,919,631,"Parliamentarian",1
1468,468,167,274,919,631,"Parliamentarian",1
1467,467,141,304,919,631,"Parliamentarian",1
1466,466,134,316,919,631,"Parliamentarian",1
1465,465,128,329,919,631,"Parliamentarian",1
1464,464,122,341,919,631,"Parliamentarian",1
1463,463,116,354,919,631,"Parliamentarian",1
1462,462,111,368,919,631,"Parliamentarian",1
1461,461,107,381,919,631,"Parliamentarian",1
1460,460,103,395,919,631,"Parliamentarian",1
1459,459,100,408,919,631,"Parliamentarian",1
1458,458,97,422,919,631,"Parliamentarian",1
1457,457,95,436,919,631,"Parliamentarian",1
1456,456,93,450,919,631,"Parliamentarian",1
1455,455,92,464,919,631,"Parliamentarian",1
1454,454,92,478,919,631,"Parliamentarian",1
1453,453,92,493,919,631,"Parliamentarian",1
1452,452,92,507,919,631,"Parliamentarian",1
1451,451,93,521,919,631,"Parliamentarian",1
1450,450,98,570,919,631,"Parliamentarian",1
1449,449,101,584,919,631,"Parliamentarian",1
1372,372,126,564,919,631,"Parliamentarian",1
1371,371,129,578,919,631,"Parliamentarian",1
1370,370,133,591,919,631,"Parliamentarian",1
1369,369,137,605,919,631,"Parliamentarian",1
1298,298,156,557,919,631,"Council",1
1297,297,159,571,919,631,"Council",1
1296,296,163,585,919,631,"Council",1
1295,295,167,598,919,631,"Council",1
1294,294,172,611,919,631,"Council",1
1293,293,178,624,919,631,"Council",1
1229,229,186,552,919,631,"Council",1
1228,228,190,566,919,631,"Council",1
1227,227,194,579,919,631,"Council",1
1226,226,199,593,919,631,"Council",1
1225,225,204,606,919,631,"Council",1
1224,224,210,618,919,631,"Council",1
1171,171,218,546,919,631,"Council",1
1170,170,221,560,919,631,"Council",1
1169,169,225,573,919,631,"Council",1
1168,168,230,586,919,631,"Council",1
1167,167,236,599,919,631,"Council",1
1122,122,248,540,919,631,"Council",1
1121,121,252,553,919,631,"Council",1
1120,120,256,567,919,631,"Council",1
1119,119,262,580,919,631,"Council",1
1079,79,279,534,919,631,"Council",1
1078,78,284,547,919,631,"Council",1
1077,77,289,560,919,631,"Council",1
1076,76,295,573,919,631,"Council",1
1047,47,308,528,919,631,"Council",1
1046,46,312,542,919,631,"Council",1
1045,45,317,555,919,631,"Council",1
1024,24,337,521,919,631,"Council",1
1023,23,340,535,919,631,"Council",1
1002,2,366,515,919,631,"Council",1
1001,1,370,528,919,631,"Council",1
1401,401,336,185,919,631,"Parliamentarian",1
1400,400,323,190,919,631,"Parliamentarian",1
1399,399,311,196,919,631,"Parliamentarian",1
1398,398,298,203,919,631,"Parliamentarian",1
1397,397,286,210,919,631,"Parliamentarian",1
1396,396,274,217,919,631,"Parliamentarian",1
1395,395,263,225,919,631,"Parliamentarian",1
1394,394,251,234,919,631,"Parliamentarian",1
1393,393,240,243,919,631,"Parliamentarian",1
1392,392,230,252,919,631,"Parliamentarian",1
1391,391,220,262,919,631,"Parliamentarian",1
1390,390,210,272,919,631,"Parliamentarian",1
1389,389,201,283,919,631,"Parliamentarian",1
1388,388,192,294,919,631,"Parliamentarian",1
1387,387,165,325,919,631,"Parliamentarian",1
1386,386,159,337,919,631,"Parliamentarian",1
1385,385,153,350,919,631,"Parliamentarian",1
1384,384,147,363,919,631,"Parliamentarian",1
1383,383,142,376,919,631,"Parliamentarian",1
1382,382,138,390,919,631,"Parliamentarian",1
1381,381,134,403,919,631,"Parliamentarian",1
1380,380,130,417,919,631,"Parliamentarian",1
1379,379,128,430,919,631,"Parliamentarian",1
1378,378,125,444,919,631,"Parliamentarian",1
1377,377,124,458,919,631,"Parliamentarian",1
1376,376,123,472,919,631,"Parliamentarian",1
1375,375,122,486,919,631,"Parliamentarian",1
1374,374,123,500,919,631,"Parliamentarian",1
1373,373,123,515,919,631,"Parliamentarian",1
1324,324,343,216,919,631,"Parliamentarian",1
1323,323,330,222,919,631,"Parliamentarian",1
1322,322,318,228,919,631,"Parliamentarian",1
1321,321,306,235,919,631,"Parliamentarian",1
1320,320,294,242,919,631,"Parliamentarian",1
1319,319,282,250,919,631,"Parliamentarian",1
1318,318,271,259,919,631,"Parliamentarian",1
1317,317,260,268,919,631,"Parliamentarian",1
1316,316,249,277,919,631,"Parliamentarian",1
1315,315,239,287,919,631,"Parliamentarian",1
1314,314,230,297,919,631,"Parliamentarian",1
1313,313,221,308,919,631,"Parliamentarian",1
1312,312,193,337,919,631,"Parliamentarian",1
1311,311,186,349,919,631,"Parliamentarian",1
1310,310,180,362,919,631,"Parliamentarian",1
1309,309,175,375,919,631,"Parliamentarian",1
1308,308,170,388,919,631,"Parliamentarian",1
1307,307,166,402,919,631,"Parliamentarian",1
1306,306,162,415,919,631,"Parliamentarian",1
1305,305,159,429,919,631,"Parliamentarian",1
1304,304,157,443,919,631,"Parliamentarian",1
1303,303,155,457,919,631,"Parliamentarian",1
1302,302,154,471,919,631,"Parliamentarian",1
1301,301,154,485,919,631,"Parliamentarian",1
1300,300,154,499,919,631,"Parliamentarian",1
1299,299,155,513,919,631,"Parliamentarian",1
1252,252,355,245,919,631,"Parliamentarian",1
1251,251,342,251,919,631,"Parliamentarian",1
1250,250,329,257,919,631,"Parliamentarian",1
1249,249,317,264,919,631,"Parliamentarian",1
1248,248,305,272,919,631,"Parliamentarian",1
1247,247,294,280,919,631,"Parliamentarian",1
1246,246,283,289,919,631,"Parliamentarian",1
1245,245,272,298,919,631,"Parliamentarian",1
1244,244,262,308,919,631,"Parliamentarian",1
1243,243,253,318,919,631,"Parliamentarian",1
1242,242,243,329,919,631,"Parliamentarian",1
1241,241,218,358,919,631,"Parliamentarian",1
1240,240,211,370,919,631,"Parliamentarian",1
1239,239,206,383,919,631,"Parliamentarian",1
1238,238,200,396,919,631,"Parliamentarian",1
1237,237,196,410,919,631,"Parliamentarian",1
1236,236,192,423,919,631,"Parliamentarian",1
1235,235,189,437,919,631,"Parliamentarian",1
1234,234,186,451,919,631,"Parliamentarian",1
1233,233,185,465,919,631,"Parliamentarian",1
1232,232,184,479,919,631,"Parliamentarian",1
1231,231,183,493,919,631,"Parliamentarian",1
1230,230,184,507,919,631,"Parliamentarian",1
1190,190,360,276,919,631,"Parliamentarian",1
1189,189,348,282,919,631,"Parliamentarian",1
1188,188,335,289,919,631,"Parliamentarian",1
1187,187,324,297,919,631,"Parliamentarian",1
1186,186,312,305,919,631,"Parliamentarian",1
1185,185,301,315,919,631,"Parliamentarian",1
1184,184,291,324,919,631,"Parliamentarian",1
1183,183,281,334,919,631,"Parliamentarian",1
1182,182,272,345,919,631,"Parliamentarian",1
1181,181,245,379,919,631,"Parliamentarian",1
1180,180,238,392,919,631,"Parliamentarian",1
1179,179,232,405,919,631,"Parliamentarian",1
1178,178,227,418,919,631,"Parliamentarian",1
1177,177,223,431,919,631,"Parliamentarian",1
1176,176,220,445,919,631,"Parliamentarian",1
1175,175,217,459,919,631,"Parliamentarian",1
1174,174,215,473,919,631,"Parliamentarian",1
1173,173,214,487,919,631,"Parliamentarian",1
1172,172,214,501,919,631,"Parliamentarian",1
1138,138,372,303,919,631,"Parliamentarian",1
1137,137,359,310,919,631,"Parliamentarian",1
1136,136,347,317,919,631,"Parliamentarian",1
1135,135,336,326,919,631,"Parliamentarian",1
1134,134,325,334,919,631,"Parliamentarian",1
1133,133,315,344,919,631,"Parliamentarian",1
1132,132,305,354,919,631,"Parliamentarian",1
1131,131,296,365,919,631,"Parliamentarian",1
1130,130,269,399,919,631,"Parliamentarian",1
1129,129,263,412,919,631,"Parliamentarian",1
1128,128,257,425,919,631,"Parliamentarian",1
1127,127,253,438,919,631,"Parliamentarian",1
1126,126,250,452,919,631,"Parliamentarian",1
1125,125,247,465,919,631,"Parliamentarian",1
1124,124,245,479,919,631,"Parliamentarian",1
1123,123,245,494,919,631,"Parliamentarian",1
1093,93,383,331,919,631,"Parliamentarian",1
1092,92,371,338,919,631,"Parliamentarian",1
1091,91,359,345,919,631,"Parliamentarian",1
1090,90,348,354,919,631,"Parliamentarian",1
1089,89,337,363,919,631,"Parliamentarian",1
1088,88,328,374,919,631,"Parliamentarian",1
1087,87,318,384,919,631,"Parliamentarian",1
1086,86,296,412,919,631,"Parliamentarian",1
1085,85,290,425,919,631,"Parliamentarian",1
1084,84,284,438,919,631,"Parliamentarian",1
1083,83,280,452,919,631,"Parliamentarian",1
1082,82,277,466,919,631,"Parliamentarian",1
1081,81,275,480,919,631,"Parliamentarian",1
1080,80,274,494,919,631,"Parliamentarian",1
1057,57,390,362,919,631,"Parliamentarian",1
1056,56,377,370,919,631,"Parliamentarian",1
1055,55,366,378,919,631,"Parliamentarian",1
1054,54,356,388,919,631,"Parliamentarian",1
1053,53,346,398,919,631,"Parliamentarian",1
1052,52,320,433,919,631,"Parliamentarian",1
1051,51,315,445,919,631,"Parliamentarian",1
1050,50,310,459,919,631,"Parliamentarian",1
1049,49,307,473,919,631,"Parliamentarian",1
1048,48,305,487,919,631,"Parliamentarian",1
1031,31,400,391,919,631,"Parliamentarian",1
1030,30,388,398,919,631,"Parliamentarian",1
1029,29,377,407,919,631,"Parliamentarian",1
1028,28,367,417,919,631,"Parliamentarian",1
1027,27,344,452,919,631,"Parliamentarian",1
1026,26,340,466,919,631,"Parliamentarian",1
1025,25,337,479,919,631,"Parliamentarian",1
1816,816,322,27,919,631,"Parliamentarian",1
1817,817,335,23,919,631,"Parliamentarian",1
1818,818,349,20,919,631,"Parliamentarian",1
1819,819,363,17,919,631,"Parliamentarian",1
1820,820,377,14,919,631,"Parliamentarian",1
1821,821,390,12,919,631,"Parliamentarian",1
1822,822,404,10,919,631,"Parliamentarian",1
1823,823,418,9,919,631,"Parliamentarian",1
1824,824,432,8,919,631,"Parliamentarian",1
1825,825,446,7,919,631,"Parliamentarian",1
1826,826,460,7,919,631,"Parliamentarian",1
1827,827,475,7,919,631,"Parliamentarian",1
1828,828,489,8,919,631,"Parliamentarian",1
1829,829,503,9,919,631,"Parliamentarian",1
1830,830,517,10,919,631,"Parliamentarian",1
1831,831,530,12,919,631,"Parliamentarian",1
1832,832,544,14,919,631,"Parliamentarian",1
1833,833,558,17,919,631,"Parliamentarian",1
1834,834,572,20,919,631,"Parliamentarian",1
1835,835,586,23,919,631,"Parliamentarian",1
1836,836,599,27,919,631,"Parliamentarian",1
1738,738,335,56,919,631,"Parliamentarian",1
1739,739,349,52,919,631,"Parliamentarian",1
1740,740,363,49,919,631,"Parliamentarian",1
1741,741,376,46,919,631,"Parliamentarian",1
1742,742,390,44,919,631,"Parliamentarian",1
1743,743,404,42,919,631,"Parliamentarian",1
1744,744,418,40,919,631,"Parliamentarian",1
1745,745,432,39,919,631,"Parliamentarian",1
1746,746,446,39,919,631,"Parliamentarian",1
1747,747,460,38,919,631,"Parliamentarian",1
1748,748,474,39,919,631,"Parliamentarian",1
1749,749,488,39,919,631,"Parliamentarian",1
1750,750,502,40,919,631,"Parliamentarian",1
1751,751,516,42,919,631,"Parliamentarian",1
1752,752,530,44,919,631,"Parliamentarian",1
1753,753,544,46,919,631,"Parliamentarian",1
1754,754,558,49,919,631,"Parliamentarian",1
1755,755,571,52,919,631,"Parliamentarian",1
1756,756,585,56,919,631,"Parliamentarian",1
1653,653,342,86,919,631,"Parliamentarian",1
1654,654,356,82,919,631,"Parliamentarian",1
1655,655,369,79,919,631,"Parliamentarian",1
1656,656,383,76,919,631,"Parliamentarian",1
1657,657,397,74,919,631,"Parliamentarian",1
1658,658,411,72,919,631,"Parliamentarian",1
1659,659,425,71,919,631,"Parliamentarian",1
1660,660,439,70,919,631,"Parliamentarian",1
1661,661,453,69,919,631,"Parliamentarian",1
1662,662,467,69,919,631,"Parliamentarian",1
1663,663,481,70,919,631,"Parliamentarian",1
1664,664,495,71,919,631,"Parliamentarian",1
1665,665,509,72,919,631,"Parliamentarian",1
1666,666,523,74,919,631,"Parliamentarian",1
1667,667,537,76,919,631,"Parliamentarian",1
1668,668,551,79,919,631,"Parliamentarian",1
1669,669,565,82,919,631,"Parliamentarian",1
1670,670,578,86,919,631,"Parliamentarian",1
1582,582,565,116,919,631,"Parliamentarian",1
1581,581,551,112,919,631,"Parliamentarian",1
1580,580,537,110,919,631,"Parliamentarian",1
1579,579,523,107,919,631,"Parliamentarian",1
1578,578,509,105,919,631,"Parliamentarian",1
1577,577,495,104,919,631,"Parliamentarian",1
1576,576,481,103,919,631,"Parliamentarian",1
1575,575,467,102,919,631,"Parliamentarian",1
1574,574,453,102,919,631,"Parliamentarian",1
1573,573,439,103,919,631,"Parliamentarian",1
1572,572,425,104,919,631,"Parliamentarian",1
1571,571,411,105,919,631,"Parliamentarian",1
1570,570,397,107,919,631,"Parliamentarian",1
1569,569,384,109,919,631,"Parliamentarian",1
1568,568,370,112,919,631,"Parliamentarian",1
1567,567,356,116,919,631,"Parliamentarian",1
1489,489,446,132,919,631,"Parliamentarian",1
1488,488,432,133,919,631,"Parliamentarian",1
1487,487,418,134,919,631,"Parliamentarian",1
1486,486,404,136,919,631,"Parliamentarian",1
1485,485,390,139,919,631,"Parliamentarian",1
1484,484,377,142,919,631,"Parliamentarian",1
1483,483,363,145,919,631,"Parliamentarian",1
1497,497,558,145,919,631,"Parliamentarian",1
1496,496,544,142,919,631,"Parliamentarian",1
1495,495,531,139,919,631,"Parliamentarian",1
1494,494,517,136,919,631,"Parliamentarian",1
1493,493,503,134,919,631,"Parliamentarian",1
1492,492,489,133,919,631,"Parliamentarian",1
1491,491,475,132,919,631,"Parliamentarian",1
1490,490,460,132,919,631,"Parliamentarian",1
1408,408,453,163,919,631,"Parliamentarian",1
1407,407,439,163,919,631,"Parliamentarian",1
1406,406,425,164,919,631,"Parliamentarian",1
1405,405,411,166,919,631,"Parliamentarian",1
1404,404,397,169,919,631,"Parliamentarian",1
1403,403,383,171,919,631,"Parliamentarian",1
1402,402,370,175,919,631,"Parliamentarian",1
1415,415,550,175,919,631,"Parliamentarian",1
1414,414,537,171,919,631,"Parliamentarian",1
1413,413,523,169,919,631,"Parliamentarian",1
1412,412,509,166,919,631,"Parliamentarian",1
1411,411,495,164,919,631,"Parliamentarian",1
1410,410,481,163,919,631,"Parliamentarian",1
1409,409,467,163,919,631,"Parliamentarian",1
1330,330,453,193,919,631,"Parliamentarian",1
1329,329,439,194,919,631,"Parliamentarian",1
1328,328,425,195,919,631,"Parliamentarian",1
1327,327,411,197,919,631,"Parliamentarian",1
1326,326,397,200,919,631,"Parliamentarian",1
1325,325,383,203,919,631,"Parliamentarian",1
1336,336,537,203,919,631,"Parliamentarian",1
1335,335,523,200,919,631,"Parliamentarian",1
1334,334,509,197,919,631,"Parliamentarian",1
1333,333,495,195,919,631,"Parliamentarian",1
1332,332,481,194,919,631,"Parliamentarian",1
1331,331,467,193,919,631,"Parliamentarian",1
1258,258,460,224,919,631,"Parliamentarian",1
1257,257,446,224,919,631,"Parliamentarian",1
1256,256,432,225,919,631,"Parliamentarian",1
1255,255,418,227,919,631,"Parliamentarian",1
1254,254,404,230,919,631,"Parliamentarian",1
1253,253,390,233,919,631,"Parliamentarian",1
1263,263,530,233,919,631,"Parliamentarian",1
1262,262,516,230,919,631,"Parliamentarian",1
1261,261,502,227,919,631,"Parliamentarian",1
1260,260,488,226,919,631,"Parliamentarian",1
1259,259,474,224,919,631,"Parliamentarian",1
1195,195,460,255,919,631,"Parliamentarian",1
1194,194,446,256,919,631,"Parliamentarian",1
1193,193,432,257,919,631,"Parliamentarian",1
1192,192,418,259,919,631,"Parliamentarian",1
1191,191,404,262,919,631,"Parliamentarian",1
1199,199,516,262,919,631,"Parliamentarian",1
1198,198,502,259,919,631,"Parliamentarian",1
1197,197,488,257,919,631,"Parliamentarian",1
1196,196,474,256,919,631,"Parliamentarian",1
1142,142,453,286,919,631,"Parliamentarian",1
1141,141,439,286,919,631,"Parliamentarian",1
1140,140,425,288,919,631,"Parliamentarian",1
1139,139,411,291,919,631,"Parliamentarian",1
1146,146,509,291,919,631,"Parliamentarian",1
1145,145,495,288,919,631,"Parliamentarian",1
1144,144,481,286,919,631,"Parliamentarian",1
1143,143,467,286,919,631,"Parliamentarian",1
1097,97,460,316,919,631,"Parliamentarian",1
1096,96,446,316,919,631,"Parliamentarian",1
1095,95,432,318,919,631,"Parliamentarian",1
1094,94,418,321,919,631,"Parliamentarian",1
1100,100,502,321,919,631,"Parliamentarian",1
1099,99,488,318,919,631,"Parliamentarian",1
1098,98,474,316,919,631,"Parliamentarian",1
1060,60,460,345,919,631,"Parliamentarian",1
1059,59,446,346,919,631,"Parliamentarian",1
1058,58,432,347,919,631,"Parliamentarian",1
1062,62,488,347,919,631,"Parliamentarian",1
1061,61,474,346,919,631,"Parliamentarian",1
1033,33,453,375,919,631,"Parliamentarian",1
1032,32,439,377,919,631,"Parliamentarian",1
1035,35,481,377,919,631,"Parliamentarian",1
1034,34,467,375,919,631,"Parliamentarian",1
1011,11,453,406,919,631,"Parliamentarian",1
1010,10,439,408,919,631,"Parliamentarian",1
1009,9,425,412,919,631,"Parliamentarian",1
1008,8,413,418,919,631,"Parliamentarian",1
1007,7,401,426,919,631,"Parliamentarian",1
1006,6,391,436,919,631,"Parliamentarian",1
1005,5,382,447,919,631,"Parliamentarian",1
1004,4,375,459,919,631,"Parliamentarian",1
1003,3,370,472,919,631,"Parliamentarian",1
1020,20,551,472,919,631,"Parliamentarian",1
1019,19,546,459,919,631,"Parliamentarian",1
1018,18,539,447,919,631,"Parliamentarian",1
1017,17,530,436,919,631,"Parliamentarian",1
1016,16,519,426,919,631,"Parliamentarian",1
1015,15,508,418,919,631,"Parliamentarian",1
1014,14,495,412,919,631,"Parliamentarian",1
1013,13,481,408,919,631,"Parliamentarian",1
1012,12,467,406,919,631,"Parliamentarian",1
265,265,552,442,682,531,"Commission",0
266,266,554,451,682,531,"Commission",0
212,212,521,435,682,531,"Commission",0
213,213,524,444,682,531,"Commission",0
214,214,526,453,682,531,"Commission",0
215,215,528,462,682,531,"Commission",0
170,170,506,486,682,531,"Commission",0
169,169,505,477,682,531,"Commission",0
168,168,504,469,682,531,"Commission",0
167,167,501,459,682,531,"Commission",0
166,166,499,451,682,531,"Commission",0
128,128,480,509,682,531,"Parliamentarian",0
127,127,479,500,682,531,"Council",0
126,126,478,491,682,531,"Council",0
125,125,477,482,682,531,"Council",0
124,124,475,473,682,531,"Council",0
123,123,473,464,682,531,"Council",0
86,86,453,526,682,531,"Parliamentarian",0
85,85,453,517,682,531,"Commission",0
84,84,453,508,682,531,"Commission",0
83,83,453,499,682,531,"Commission",0
82,82,452,490,682,531,"Commission",0
81,81,450,481,682,531,"Commission",0
49,49,425,525,682,531,"Commission",0
48,48,425,516,682,531,"Commission",0
47,47,425,506,682,531,"Commission",0
46,46,424,497,682,531,"Commission",0
21,21,398,514,682,531,"Commission",0
22,22,398,524,682,531,"Commission",0
2,2,285,514,682,531,"Council",0
1,1,285,524,682,531,"Council",0
857,857,546,25,682,531,"Parliamentarian",0
856,856,537,21,682,531,"Parliamentarian",0
855,855,528,18,682,531,"Parliamentarian",0
854,854,519,14,682,531,"Parliamentarian",0
853,853,510,11,682,531,"Parliamentarian",0
852,852,500,8,682,531,"Parliamentarian",0
851,851,491,5,682,531,"Parliamentarian",0
850,850,192,5,682,531,"Parliamentarian",0
849,849,182,8,682,531,"Parliamentarian",0
848,848,173,11,682,531,"Parliamentarian",0
847,847,164,14,682,531,"Parliamentarian",0
846,846,155,18,682,531,"Parliamentarian",0
845,845,146,21,682,531,"Parliamentarian",0
844,844,137,25,682,531,"Parliamentarian",0
843,843,637,110,682,531,"Parliamentarian",0
842,842,629,104,682,531,"Parliamentarian",0
841,841,621,98,682,531,"Parliamentarian",0
840,840,613,93,682,531,"Parliamentarian",0
839,839,605,87,682,531,"Parliamentarian",0
838,838,597,82,682,531,"Parliamentarian",0
837,837,588,77,682,531,"Parliamentarian",0
836,836,580,72,682,531,"Parliamentarian",0
835,835,571,67,682,531,"Parliamentarian",0
834,834,563,63,682,531,"Parliamentarian",0
833,833,554,59,682,531,"Parliamentarian",0
832,832,545,54,682,531,"Parliamentarian",0
831,831,536,50,682,531,"Parliamentarian",0
830,830,527,47,682,531,"Parliamentarian",0
829,829,518,43,682,531,"Parliamentarian",0
828,828,509,39,682,531,"Parliamentarian",0
827,827,500,36,682,531,"Parliamentarian",0
826,826,490,33,682,531,"Parliamentarian",0
825,825,481,30,682,531,"Parliamentarian",0
824,824,472,27,682,531,"Parliamentarian",0
823,823,462,25,682,531,"Parliamentarian",0
822,822,434,19,682,531,"Parliamentarian",0
821,821,424,17,682,531,"Parliamentarian",0
820,820,414,15,682,531,"Parliamentarian",0
819,819,405,14,682,531,"Parliamentarian",0
818,818,395,13,682,531,"Parliamentarian",0
817,817,385,12,682,531,"Parliamentarian",0
816,816,376,11,682,531,"Parliamentarian",0
815,815,366,10,682,531,"Parliamentarian",0
814,814,356,10,682,531,"Parliamentarian",0
813,813,346,10,682,531,"Parliamentarian",0
812,812,336,10,682,531,"Parliamentarian",0
811,811,327,10,682,531,"Parliamentarian",0
810,810,317,10,682,531,"Parliamentarian",0
809,809,307,11,682,531,"Parliamentarian",0
808,808,297,12,682,531,"Parliamentarian",0
807,807,288,13,682,531,"Parliamentarian",0
806,806,278,14,682,531,"Parliamentarian",0
805,805,268,15,682,531,"Parliamentarian",0
804,804,259,17,682,531,"Parliamentarian",0
803,803,249,19,682,531,"Parliamentarian",0
802,802,220,25,682,531,"Parliamentarian",0
801,801,211,27,682,531,"Parliamentarian",0
800,800,201,30,682,531,"Parliamentarian",0
799,799,192,33,682,531,"Parliamentarian",0
798,798,183,36,682,531,"Parliamentarian",0
797,797,174,39,682,531,"Parliamentarian",0
796,796,164,43,682,531,"Parliamentarian",0
795,795,155,47,682,531,"Parliamentarian",0
794,794,146,50,682,531,"Parliamentarian",0
793,793,138,54,682,531,"Parliamentarian",0
792,792,129,59,682,531,"Parliamentarian",0
791,791,120,63,682,531,"Parliamentarian",0
790,790,111,67,682,531,"Parliamentarian",0
789,789,103,72,682,531,"Parliamentarian",0
788,788,94,77,682,531,"Parliamentarian",0
787,787,86,82,682,531,"Parliamentarian",0
786,786,78,87,682,531,"Parliamentarian",0
785,785,69,93,682,531,"Parliamentarian",0
784,784,61,98,682,531,"Parliamentarian",0
783,783,53,104,682,531,"Parliamentarian",0
782,782,46,110,682,531,"Parliamentarian",0
781,781,678,183,682,531,"Parliamentarian",0
780,780,671,176,682,531,"Parliamentarian",0
779,779,664,169,682,531,"Parliamentarian",0
778,778,657,162,682,531,"Parliamentarian",0
777,777,650,156,682,531,"Parliamentarian",0
776,776,627,136,682,531,"Parliamentarian",0
775,775,620,130,682,531,"Parliamentarian",0
774,774,612,125,682,531,"Parliamentarian",0
773,773,604,119,682,531,"Parliamentarian",0
772,772,596,113,682,531,"Parliamentarian",0
771,771,587,108,682,531,"Parliamentarian",0
770,770,579,103,682,531,"Parliamentarian",0
769,769,571,98,682,531,"Parliamentarian",0
768,768,562,93,682,531,"Parliamentarian",0
767,767,553,89,682,531,"Parliamentarian",0
766,766,545,84,682,531,"Parliamentarian",0
765,765,536,80,682,531,"Parliamentarian",0
764,764,527,76,682,531,"Parliamentarian",0
763,763,518,72,682,531,"Parliamentarian",0
762,762,509,68,682,531,"Parliamentarian",0
761,761,500,65,682,531,"Parliamentarian",0
760,760,490,62,682,531,"Parliamentarian",0
759,759,481,58,682,531,"Parliamentarian",0
758,758,472,56,682,531,"Parliamentarian",0
757,757,462,53,682,531,"Parliamentarian",0
756,756,434,46,682,531,"Parliamentarian",0
755,755,424,44,682,531,"Parliamentarian",0
754,754,414,43,682,531,"Parliamentarian",0
753,753,405,41,682,531,"Parliamentarian",0
752,752,395,40,682,531,"Parliamentarian",0
751,751,385,39,682,531,"Parliamentarian",0
750,750,376,38,682,531,"Parliamentarian",0
749,749,366,37,682,531,"Parliamentarian",0
748,748,356,37,682,531,"Parliamentarian",0
747,747,346,37,682,531,"Parliamentarian",0
746,746,336,37,682,531,"Parliamentarian",0
745,745,327,37,682,531,"Parliamentarian",0
744,744,317,37,682,531,"Parliamentarian",0
743,743,307,38,682,531,"Parliamentarian",0
742,742,297,39,682,531,"Parliamentarian",0
741,741,288,40,682,531,"Parliamentarian",0
740,740,278,41,682,531,"Parliamentarian",0
739,739,268,43,682,531,"Parliamentarian",0
738,738,258,44,682,531,"Parliamentarian",0
737,737,249,46,682,531,"Parliamentarian",0
736,736,220,53,682,531,"Parliamentarian",0
735,735,211,56,682,531,"Parliamentarian",0
734,734,201,58,682,531,"Parliamentarian",0
733,733,192,62,682,531,"Parliamentarian",0
732,732,183,65,682,531,"Parliamentarian",0
731,731,174,68,682,531,"Parliamentarian",0
730,730,165,72,682,531,"Parliamentarian",0
729,729,156,76,682,531,"Parliamentarian",0
728,728,147,80,682,531,"Parliamentarian",0
727,727,138,84,682,531,"Parliamentarian",0
726,726,129,89,682,531,"Parliamentarian",0
725,725,120,93,682,531,"Parliamentarian",0
724,724,112,98,682,531,"Parliamentarian",0
723,723,103,103,682,531,"Parliamentarian",0
722,722,95,108,682,531,"Parliamentarian",0
721,721,87,113,682,531,"Parliamentarian",0
720,720,79,119,682,531,"Parliamentarian",0
719,719,71,125,682,531,"Parliamentarian",0
718,718,63,130,682,531,"Parliamentarian",0
717,717,55,136,682,531,"Parliamentarian",0
716,716,33,156,682,531,"Parliamentarian",0
715,715,26,162,682,531,"Parliamentarian",0
714,714,19,169,682,531,"Parliamentarian",0
713,713,12,176,682,531,"Parliamentarian",0
712,712,5,183,682,531,"Parliamentarian",0
711,711,653,196,682,531,"Parliamentarian",0
710,710,646,189,682,531,"Parliamentarian",0
709,709,639,182,682,531,"Parliamentarian",0
708,708,632,175,682,531,"Parliamentarian",0
707,707,624,169,682,531,"Parliamentarian",0
706,706,601,151,682,531,"Parliamentarian",0
705,705,593,145,682,531,"Parliamentarian",0
704,704,585,139,682,531,"Parliamentarian",0
703,703,577,134,682,531,"Parliamentarian",0
702,702,569,128,682,531,"Parliamentarian",0
701,701,561,123,682,531,"Parliamentarian",0
700,700,552,119,682,531,"Parliamentarian",0
699,699,544,114,682,531,"Parliamentarian",0
698,698,535,109,682,531,"Parliamentarian",0
697,697,526,105,682,531,"Parliamentarian",0
696,696,517,101,682,531,"Parliamentarian",0
695,695,508,97,682,531,"Parliamentarian",0
694,694,499,93,682,531,"Parliamentarian",0
693,693,490,90,682,531,"Parliamentarian",0
692,692,481,87,682,531,"Parliamentarian",0
691,691,471,84,682,531,"Parliamentarian",0
690,690,462,81,682,531,"Parliamentarian",0
689,689,453,78,682,531,"Parliamentarian",0
688,688,424,72,682,531,"Parliamentarian",0
687,687,414,70,682,531,"Parliamentarian",0
686,686,405,68,682,531,"Parliamentarian",0
685,685,395,67,682,531,"Parliamentarian",0
684,684,385,66,682,531,"Parliamentarian",0
683,683,376,65,682,531,"Parliamentarian",0
682,682,366,64,682,531,"Parliamentarian",0
681,681,356,64,682,531,"Parliamentarian",0
680,680,346,64,682,531,"Parliamentarian",0
679,679,336,64,682,531,"Parliamentarian",0
678,678,327,64,682,531,"Parliamentarian",0
677,677,317,64,682,531,"Parliamentarian",0
676,676,307,65,682,531,"Parliamentarian",0
675,675,297,66,682,531,"Parliamentarian",0
674,674,288,67,682,531,"Parliamentarian",0
673,673,278,68,682,531,"Parliamentarian",0
672,672,268,70,682,531,"Parliamentarian",0
671,671,259,72,682,531,"Parliamentarian",0
670,670,230,78,682,531,"Parliamentarian",0
669,669,221,81,682,531,"Parliamentarian",0
668,668,211,84,682,531,"Parliamentarian",0
667,667,202,87,682,531,"Parliamentarian",0
666,666,193,90,682,531,"Parliamentarian",0
665,665,183,93,682,531,"Parliamentarian",0
664,664,174,97,682,531,"Parliamentarian",0
663,663,165,101,682,531,"Parliamentarian",0
662,662,156,105,682,531,"Parliamentarian",0
661,661,148,109,682,531,"Parliamentarian",0
660,660,139,114,682,531,"Parliamentarian",0
659,659,130,119,682,531,"Parliamentarian",0
658,658,122,123,682,531,"Parliamentarian",0
657,657,114,128,682,531,"Parliamentarian",0
656,656,105,134,682,531,"Parliamentarian",0
655,655,97,139,682,531,"Parliamentarian",0
654,654,89,145,682,531,"Parliamentarian",0
653,653,81,151,682,531,"Parliamentarian",0
652,652,58,169,682,531,"Parliamentarian",0
651,651,51,175,682,531,"Parliamentarian",0
650,650,44,182,682,531,"Parliamentarian",0
649,649,37,189,682,531,"Parliamentarian",0
648,648,30,196,682,531,"Parliamentarian",0
647,647,638,219,682,531,"Parliamentarian",0
646,646,631,212,682,531,"Parliamentarian",0
645,645,624,205,682,531,"Parliamentarian",0
644,644,617,199,682,531,"Parliamentarian",0
643,643,610,192,682,531,"Parliamentarian",0
642,642,587,174,682,531,"Parliamentarian",0
641,641,579,168,682,531,"Parliamentarian",0
640,640,571,162,682,531,"Parliamentarian",0
639,639,563,157,682,531,"Parliamentarian",0
638,638,555,151,682,531,"Parliamentarian",0
637,637,546,146,682,531,"Parliamentarian",0
636,636,538,142,682,531,"Parliamentarian",0
635,635,529,137,682,531,"Parliamentarian",0
634,634,521,132,682,531,"Parliamentarian",0
633,633,512,128,682,531,"Parliamentarian",0
632,632,503,124,682,531,"Parliamentarian",0
631,631,494,120,682,531,"Parliamentarian",0
630,630,485,117,682,531,"Parliamentarian",0
629,629,476,114,682,531,"Parliamentarian",0
628,628,466,110,682,531,"Parliamentarian",0
627,627,457,108,682,531,"Parliamentarian",0
626,626,448,105,682,531,"Parliamentarian",0
625,625,419,98,682,531,"Parliamentarian",0
624,624,409,96,682,531,"Parliamentarian",0
623,623,400,95,682,531,"Parliamentarian",0
622,622,390,94,682,531,"Parliamentarian",0
621,621,380,93,682,531,"Parliamentarian",0
620,620,371,92,682,531,"Parliamentarian",0
619,619,361,91,682,531,"Parliamentarian",0
618,618,351,91,682,531,"Parliamentarian",0
617,617,341,91,682,531,"Parliamentarian",0
616,616,332,91,682,531,"Parliamentarian",0
615,615,322,91,682,531,"Parliamentarian",0
614,614,312,92,682,531,"Parliamentarian",0
613,613,302,93,682,531,"Parliamentarian",0
612,612,293,94,682,531,"Parliamentarian",0
611,611,283,95,682,531,"Parliamentarian",0
610,610,273,97,682,531,"Parliamentarian",0
609,609,264,98,682,531,"Parliamentarian",0
608,608,235,105,682,531,"Parliamentarian",0
607,607,226,108,682,531,"Parliamentarian",0
606,606,216,110,682,531,"Parliamentarian",0
605,605,207,114,682,531,"Parliamentarian",0
604,604,198,117,682,531,"Parliamentarian",0
603,603,189,120,682,531,"Parliamentarian",0
602,602,180,124,682,531,"Parliamentarian",0
601,601,171,128,682,531,"Parliamentarian",0
600,600,162,132,682,531,"Parliamentarian",0
599,599,153,137,682,531,"Parliamentarian",0
598,598,145,142,682,531,"Parliamentarian",0
597,597,136,146,682,531,"Parliamentarian",0
596,596,128,151,682,531,"Parliamentarian",0
595,595,119,157,682,531,"Parliamentarian",0
594,594,111,162,682,531,"Parliamentarian",0
593,593,103,168,682,531,"Parliamentarian",0
592,592,96,174,682,531,"Parliamentarian",0
591,591,73,192,682,531,"Parliamentarian",0
590,590,66,199,682,531,"Parliamentarian",0
589,589,58,205,682,531,"Parliamentarian",0
588,588,52,212,682,531,"Parliamentarian",0
587,587,45,219,682,531,"Parliamentarian",0
586,586,624,244,682,531,"Parliamentarian",0
585,585,617,237,682,531,"Parliamentarian",0
584,584,610,230,682,531,"Parliamentarian",0
583,583,603,223,682,531,"Parliamentarian",0
582,582,596,216,682,531,"Parliamentarian",0
581,581,574,197,682,531,"Parliamentarian",0
580,580,566,191,682,531,"Parliamentarian",0
579,579,558,186,682,531,"Parliamentarian",0
578,578,550,180,682,531,"Parliamentarian",0
577,577,541,175,682,531,"Parliamentarian",0
576,576,533,170,682,531,"Parliamentarian",0
575,575,524,165,682,531,"Parliamentarian",0
574,574,516,160,682,531,"Parliamentarian",0
573,573,507,156,682,531,"Parliamentarian",0
572,572,498,152,682,531,"Parliamentarian",0
571,571,489,148,682,531,"Parliamentarian",0
570,570,480,144,682,531,"Parliamentarian",0
569,569,471,141,682,531,"Parliamentarian",0
568,568,462,137,682,531,"Parliamentarian",0
567,567,452,134,682,531,"Parliamentarian",0
566,566,443,132,682,531,"Parliamentarian",0
565,565,414,125,682,531,"Parliamentarian",0
564,564,405,123,682,531,"Parliamentarian",0
563,563,395,122,682,531,"Parliamentarian",0
562,562,385,120,682,531,"Parliamentarian",0
561,561,376,119,682,531,"Parliamentarian",0
560,560,366,119,682,531,"Parliamentarian",0
559,559,356,118,682,531,"Parliamentarian",0
558,558,346,118,682,531,"Parliamentarian",0
557,557,336,118,682,531,"Parliamentarian",0
556,556,327,118,682,531,"Parliamentarian",0
555,555,317,119,682,531,"Parliamentarian",0
554,554,307,119,682,531,"Parliamentarian",0
553,553,297,120,682,531,"Parliamentarian",0
552,552,288,122,682,531,"Parliamentarian",0
551,551,278,123,682,531,"Parliamentarian",0
550,550,268,125,682,531,"Parliamentarian",0
549,549,240,132,682,531,"Parliamentarian",0
548,548,230,134,682,531,"Parliamentarian",0
547,547,221,137,682,531,"Parliamentarian",0
546,546,212,141,682,531,"Parliamentarian",0
545,545,202,144,682,531,"Parliamentarian",0
544,544,193,148,682,531,"Parliamentarian",0
543,543,184,152,682,531,"Parliamentarian",0
542,542,176,156,682,531,"Parliamentarian",0
541,541,167,160,682,531,"Parliamentarian",0
540,540,158,165,682,531,"Parliamentarian",0
539,539,150,170,682,531,"Parliamentarian",0
538,538,141,175,682,531,"Parliamentarian",0
537,537,133,180,682,531,"Parliamentarian",0
536,536,125,186,682,531,"Parliamentarian",0
535,535,117,191,682,531,"Parliamentarian",0
534,534,109,197,682,531,"Parliamentarian",0
533,533,87,216,682,531,"Parliamentarian",0
532,532,79,223,682,531,"Parliamentarian",0
531,531,72,230,682,531,"Parliamentarian",0
530,530,66,237,682,531,"Parliamentarian",0
529,529,59,244,682,531,"Parliamentarian",0
528,528,609,268,682,531,"Parliamentarian",0
527,527,602,260,682,531,"Parliamentarian",0
526,526,595,253,682,531,"Parliamentarian",0
525,525,589,246,682,531,"Parliamentarian",0
524,524,582,240,682,531,"Parliamentarian",0
523,523,559,220,682,531,"Parliamentarian",0
522,522,552,214,682,531,"Parliamentarian",0
521,521,544,209,682,531,"Parliamentarian",0
520,520,536,203,682,531,"Parliamentarian",0
519,519,527,198,682,531,"Parliamentarian",0
518,518,519,193,682,531,"Parliamentarian",0
517,517,510,188,682,531,"Parliamentarian",0
516,516,502,183,682,531,"Parliamentarian",0
515,515,493,179,682,531,"Parliamentarian",0
514,514,484,175,682,531,"Parliamentarian",0
513,513,475,171,682,531,"Parliamentarian",0
512,512,466,168,682,531,"Parliamentarian",0
511,511,457,164,682,531,"Parliamentarian",0
510,510,447,161,682,531,"Parliamentarian",0
509,509,438,158,682,531,"Parliamentarian",0
508,508,410,151,682,531,"Parliamentarian",0
507,507,400,150,682,531,"Parliamentarian",0
506,506,390,148,682,531,"Parliamentarian",0
505,505,381,147,682,531,"Parliamentarian",0
504,504,371,146,682,531,"Parliamentarian",0
503,503,361,145,682,531,"Parliamentarian",0
502,502,351,145,682,531,"Parliamentarian",0
501,501,341,145,682,531,"Parliamentarian",0
500,500,332,145,682,531,"Parliamentarian",0
499,499,322,145,682,531,"Parliamentarian",0
498,498,312,146,682,531,"Parliamentarian",0
497,497,302,147,682,531,"Parliamentarian",0
496,496,293,148,682,531,"Parliamentarian",0
495,495,283,150,682,531,"Parliamentarian",0
494,494,273,151,682,531,"Parliamentarian",0
493,493,245,158,682,531,"Parliamentarian",0
492,492,235,161,682,531,"Parliamentarian",0
491,491,226,164,682,531,"Parliamentarian",0
490,490,217,167,682,531,"Parliamentarian",0
489,489,208,171,682,531,"Parliamentarian",0
488,488,199,175,682,531,"Parliamentarian",0
487,487,190,179,682,531,"Parliamentarian",0
486,486,181,183,682,531,"Parliamentarian",0
485,485,172,188,682,531,"Parliamentarian",0
484,484,164,193,682,531,"Parliamentarian",0
483,483,156,198,682,531,"Parliamentarian",0
482,482,147,203,682,531,"Parliamentarian",0
481,481,139,209,682,531,"Parliamentarian",0
480,480,131,214,682,531,"Parliamentarian",0
479,479,124,220,682,531,"Parliamentarian",0
478,478,101,239,682,531,"Parliamentarian",0
477,477,94,246,682,531,"Parliamentarian",0
476,476,87,253,682,531,"Parliamentarian",0
475,475,81,260,682,531,"Parliamentarian",0
474,474,74,268,682,531,"Parliamentarian",0
473,473,593,291,682,531,"Parliamentarian",0
472,472,587,284,682,531,"Parliamentarian",0
471,471,580,277,682,531,"Parliamentarian",0
470,470,574,270,682,531,"Parliamentarian",0
469,469,567,263,682,531,"Parliamentarian",0
468,468,560,256,682,531,"Parliamentarian",0
467,467,537,237,682,531,"Parliamentarian",0
466,466,529,232,682,531,"Parliamentarian",0
465,465,521,226,682,531,"Parliamentarian",0
464,464,513,221,682,531,"Parliamentarian",0
463,463,505,216,682,531,"Parliamentarian",0
462,462,496,211,682,531,"Parliamentarian",0
461,461,487,206,682,531,"Parliamentarian",0
460,460,479,202,682,531,"Parliamentarian",0
459,459,470,198,682,531,"Parliamentarian",0
458,458,461,194,682,531,"Parliamentarian",0
457,457,451,191,682,531,"Parliamentarian",0
456,456,442,188,682,531,"Parliamentarian",0
455,455,433,185,682,531,"Parliamentarian",0
454,454,404,178,682,531,"Parliamentarian",0
453,453,395,176,682,531,"Parliamentarian",0
452,452,385,175,682,531,"Parliamentarian",0
451,451,375,174,682,531,"Parliamentarian",0
450,450,366,173,682,531,"Parliamentarian",0
449,449,356,172,682,531,"Parliamentarian",0
448,448,346,172,682,531,"Parliamentarian",0
447,447,336,172,682,531,"Parliamentarian",0
446,446,327,172,682,531,"Parliamentarian",0
445,445,317,173,682,531,"Parliamentarian",0
444,444,307,174,682,531,"Parliamentarian",0
443,443,297,175,682,531,"Parliamentarian",0
442,442,288,176,682,531,"Parliamentarian",0
441,441,278,178,682,531,"Parliamentarian",0
440,440,250,185,682,531,"Parliamentarian",0
439,439,240,188,682,531,"Parliamentarian",0
438,438,231,191,682,531,"Parliamentarian",0
437,437,222,194,682,531,"Parliamentarian",0
436,436,213,198,682,531,"Parliamentarian",0
435,435,204,202,682,531,"Parliamentarian",0
434,434,195,206,682,531,"Parliamentarian",0
433,433,187,211,682,531,"Parliamentarian",0
432,432,178,216,682,531,"Parliamentarian",0
431,431,170,221,682,531,"Parliamentarian",0
430,430,161,226,682,531,"Parliamentarian",0
429,429,153,232,682,531,"Parliamentarian",0
428,428,146,237,682,531,"Parliamentarian",0
427,427,123,256,682,531,"Parliamentarian",0
426,426,116,263,682,531,"Parliamentarian",0
425,425,109,270,682,531,"Parliamentarian",0
424,424,102,277,682,531,"Parliamentarian",0
423,423,96,284,682,531,"Parliamentarian",0
422,422,89,291,682,531,"Parliamentarian",0
421,421,582,320,682,531,"Parliamentarian",0
420,420,576,313,682,531,"Parliamentarian",0
419,419,569,305,682,531,"Parliamentarian",0
418,418,563,298,682,531,"Parliamentarian",0
417,417,556,290,682,531,"Parliamentarian",0
416,416,549,284,682,531,"Parliamentarian",0
415,415,542,277,682,531,"Parliamentarian",0
414,414,520,258,682,531,"Parliamentarian",0
413,413,512,252,682,531,"Parliamentarian",0
412,412,504,247,682,531,"Parliamentarian",0
411,411,495,242,682,531,"Parliamentarian",0
410,410,487,237,682,531,"Parliamentarian",0
409,409,478,232,682,531,"Parliamentarian",0
408,408,469,228,682,531,"Parliamentarian",0
407,407,460,224,682,531,"Parliamentarian",0
406,406,451,220,682,531,"Parliamentarian",0
405,405,442,216,682,531,"Parliamentarian",0
404,404,433,213,682,531,"Parliamentarian",0
403,403,424,210,682,531,"Parliamentarian",0
402,402,395,204,682,531,"Parliamentarian",0
401,401,385,202,682,531,"Parliamentarian",0
400,400,376,201,682,531,"Parliamentarian",0
399,399,366,200,682,531,"Parliamentarian",0
398,398,356,199,682,531,"Parliamentarian",0
397,397,346,199,682,531,"Parliamentarian",0
396,396,336,199,682,531,"Parliamentarian",0
395,395,327,199,682,531,"Parliamentarian",0
394,394,317,200,682,531,"Parliamentarian",0
393,393,307,201,682,531,"Parliamentarian",0
392,392,297,202,682,531,"Parliamentarian",0
391,391,288,204,682,531,"Parliamentarian",0
390,390,259,210,682,531,"Parliamentarian",0
389,389,250,213,682,531,"Parliamentarian",0
388,388,240,216,682,531,"Parliamentarian",0
387,387,231,220,682,531,"Parliamentarian",0
386,386,222,224,682,531,"Parliamentarian",0
385,385,213,228,682,531,"Parliamentarian",0
384,384,204,232,682,531,"Parliamentarian",0
383,383,196,237,682,531,"Parliamentarian",0
382,382,187,242,682,531,"Parliamentarian",0
381,381,179,247,682,531,"Parliamentarian",0
380,380,171,252,682,531,"Parliamentarian",0
379,379,163,258,682,531,"Parliamentarian",0
378,378,140,277,682,531,"Parliamentarian",0
377,377,133,284,682,531,"Parliamentarian",0
376,376,126,291,682,531,"Parliamentarian",0
375,375,120,298,682,531,"Parliamentarian",0
374,374,113,305,682,531,"Parliamentarian",0
373,373,107,313,682,531,"Parliamentarian",0
372,372,101,320,682,531,"Parliamentarian",0
371,371,581,370,682,531,"Parliamentarian",0
370,370,576,361,682,531,"Parliamentarian",0
369,369,571,353,682,531,"Parliamentarian",0
368,368,566,345,682,531,"Parliamentarian",0
367,367,560,337,682,531,"Parliamentarian",0
366,366,554,329,682,531,"Parliamentarian",0
365,365,548,321,682,531,"Parliamentarian",0
364,364,541,314,682,531,"Parliamentarian",0
363,363,535,307,682,531,"Parliamentarian",0
362,362,528,300,682,531,"Parliamentarian",0
361,361,505,281,682,531,"Parliamentarian",0
360,360,497,275,682,531,"Parliamentarian",0
359,359,489,270,682,531,"Parliamentarian",0
358,358,481,265,682,531,"Parliamentarian",0
357,357,473,260,682,531,"Parliamentarian",0
356,356,464,255,682,531,"Parliamentarian",0
355,355,455,251,682,531,"Parliamentarian",0
354,354,446,247,682,531,"Parliamentarian",0
353,353,437,243,682,531,"Parliamentarian",0
352,352,428,240,682,531,"Parliamentarian",0
351,351,418,237,682,531,"Parliamentarian",0
350,350,390,230,682,531,"Parliamentarian",0
349,349,380,229,682,531,"Parliamentarian",0
348,348,371,227,682,531,"Parliamentarian",0
347,347,361,227,682,531,"Parliamentarian",0
346,346,351,226,682,531,"Parliamentarian",0
345,345,341,226,682,531,"Parliamentarian",0
344,344,331,226,682,531,"Parliamentarian",0
343,343,322,227,682,531,"Parliamentarian",0
342,342,312,227,682,531,"Parliamentarian",0
341,341,302,229,682,531,"Parliamentarian",0
340,340,293,230,682,531,"Parliamentarian",0
339,339,264,237,682,531,"Parliamentarian",0
338,338,255,240,682,531,"Parliamentarian",0
337,337,245,243,682,531,"Parliamentarian",0
336,336,236,247,682,531,"Parliamentarian",0
335,335,227,251,682,531,"Parliamentarian",0
334,334,219,255,682,531,"Parliamentarian",0
333,333,210,260,682,531,"Parliamentarian",0
332,332,201,265,682,531,"Parliamentarian",0
331,331,193,270,682,531,"Parliamentarian",0
330,330,185,275,682,531,"Parliamentarian",0
329,329,177,281,682,531,"Parliamentarian",0
328,328,155,300,682,531,"Parliamentarian",0
327,327,148,307,682,531,"Parliamentarian",0
326,326,141,314,682,531,"Parliamentarian",0
325,325,135,321,682,531,"Parliamentarian",0
324,324,128,329,682,531,"Parliamentarian",0
323,323,122,337,682,531,"Parliamentarian",0
322,322,117,345,682,531,"Parliamentarian",0
321,321,112,353,682,531,"Parliamentarian",0
320,320,106,361,682,531,"Parliamentarian",0
319,319,102,370,682,531,"Parliamentarian",0
318,318,567,404,682,531,"Parliamentarian",0
317,317,563,395,682,531,"Parliamentarian",0
316,316,559,386,682,531,"Parliamentarian",0
315,315,554,378,682,531,"Parliamentarian",0
314,314,549,369,682,531,"Parliamentarian",0
313,313,544,361,682,531,"Parliamentarian",0
312,312,539,353,682,531,"Parliamentarian",0
311,311,533,345,682,531,"Parliamentarian",0
310,310,526,338,682,531,"Parliamentarian",0
309,309,520,330,682,531,"Parliamentarian",0
308,308,513,323,682,531,"Parliamentarian",0
307,307,491,304,682,531,"Parliamentarian",0
306,306,483,298,682,531,"Parliamentarian",0
305,305,475,293,682,531,"Parliamentarian",0
304,304,467,288,682,531,"Parliamentarian",0
303,303,458,283,682,531,"Parliamentarian",0
302,302,450,278,682,531,"Parliamentarian",0
301,301,441,274,682,531,"Parliamentarian",0
300,300,432,270,682,531,"Parliamentarian",0
299,299,423,267,682,531,"Parliamentarian",0
298,298,413,264,682,531,"Parliamentarian",0
297,297,385,257,682,531,"Parliamentarian",0
296,296,375,255,682,531,"Parliamentarian",0
295,295,366,254,682,531,"Parliamentarian",0
294,294,356,253,682,531,"Parliamentarian",0
293,293,346,253,682,531,"Parliamentarian",0
292,292,336,253,682,531,"Parliamentarian",0
291,291,327,253,682,531,"Parliamentarian",0
290,290,317,254,682,531,"Parliamentarian",0
289,289,307,255,682,531,"Parliamentarian",0
288,288,298,257,682,531,"Parliamentarian",0
287,287,269,264,682,531,"Parliamentarian",0
286,286,260,267,682,531,"Parliamentarian",0
285,285,251,270,682,531,"Parliamentarian",0
284,284,242,274,682,531,"Parliamentarian",0
283,283,233,278,682,531,"Parliamentarian",0
282,282,224,283,682,531,"Parliamentarian",0
281,281,216,288,682,531,"Parliamentarian",0
280,280,207,293,682,531,"Parliamentarian",0
279,279,199,298,682,531,"Parliamentarian",0
278,278,192,304,682,531,"Parliamentarian",0
277,277,170,323,682,531,"Parliamentarian",0
276,276,163,330,682,531,"Parliamentarian",0
275,275,156,338,682,531,"Parliamentarian",0
274,274,150,345,682,531,"Parliamentarian",0
273,273,144,353,682,531,"Parliamentarian",0
272,272,139,361,682,531,"Parliamentarian",0
271,271,133,369,682,531,"Parliamentarian",0
270,270,128,378,682,531,"Parliamentarian",0
269,269,124,386,682,531,"Parliamentarian",0
268,268,119,395,682,531,"Parliamentarian",0
267,267,116,404,682,531,"Parliamentarian",0
264,264,545,422,682,531,"Parliamentarian",0
263,263,542,413,682,531,"Parliamentarian",0
262,262,538,404,682,531,"Parliamentarian",0
261,261,533,395,682,531,"Parliamentarian",0
260,260,528,387,682,531,"Parliamentarian",0
259,259,523,379,682,531,"Parliamentarian",0
258,258,518,370,682,531,"Parliamentarian",0
257,257,512,363,682,531,"Parliamentarian",0
256,256,506,355,682,531,"Parliamentarian",0
255,255,499,348,682,531,"Parliamentarian",0
254,254,478,328,682,531,"Parliamentarian",0
253,253,470,322,682,531,"Parliamentarian",0
252,252,462,316,682,531,"Parliamentarian",0
251,251,453,311,682,531,"Parliamentarian",0
250,250,445,306,682,531,"Parliamentarian",0
249,249,436,302,682,531,"Parliamentarian",0
248,248,427,298,682,531,"Parliamentarian",0
247,247,418,294,682,531,"Parliamentarian",0
246,246,409,291,682,531,"Parliamentarian",0
245,245,380,283,682,531,"Parliamentarian",0
244,244,371,282,682,531,"Parliamentarian",0
243,243,361,281,682,531,"Parliamentarian",0
242,242,351,280,682,531,"Parliamentarian",0
241,241,341,280,682,531,"Parliamentarian",0
240,240,331,280,682,531,"Parliamentarian",0
239,239,322,281,682,531,"Parliamentarian",0
238,238,312,282,682,531,"Parliamentarian",0
237,237,302,283,682,531,"Parliamentarian",0
236,236,274,291,682,531,"Parliamentarian",0
235,235,264,294,682,531,"Parliamentarian",0
234,234,255,297,682,531,"Parliamentarian",0
233,233,246,302,682,531,"Parliamentarian",0
232,232,238,306,682,531,"Parliamentarian",0
231,231,229,311,682,531,"Parliamentarian",0
230,230,221,316,682,531,"Parliamentarian",0
229,229,213,322,682,531,"Parliamentarian",0
228,228,205,328,682,531,"Parliamentarian",0
227,227,184,348,682,531,"Parliamentarian",0
226,226,177,355,682,531,"Parliamentarian",0
225,225,171,363,682,531,"Parliamentarian",0
224,224,165,370,682,531,"Parliamentarian",0
223,223,159,379,682,531,"Parliamentarian",0
222,222,154,387,682,531,"Parliamentarian",0
221,221,149,395,682,531,"Parliamentarian",0
220,220,145,404,682,531,"Parliamentarian",0
219,219,141,413,682,531,"Parliamentarian",0
218,218,137,422,682,531,"Parliamentarian",0
211,211,513,416,682,531,"Parliamentarian",0
210,210,509,407,682,531,"Parliamentarian",0
209,209,504,399,682,531,"Parliamentarian",0
208,208,499,391,682,531,"Parliamentarian",0
207,207,493,383,682,531,"Parliamentarian",0
206,206,487,375,682,531,"Parliamentarian",0
205,205,481,368,682,531,"Parliamentarian",0
204,204,474,361,682,531,"Parliamentarian",0
203,203,451,342,682,531,"Parliamentarian",0
202,202,443,336,682,531,"Parliamentarian",0
201,201,435,331,682,531,"Parliamentarian",0
200,200,426,327,682,531,"Parliamentarian",0
199,199,417,323,682,531,"Parliamentarian",0
198,198,408,319,682,531,"Parliamentarian",0
197,197,399,316,682,531,"Parliamentarian",0
196,196,371,309,682,531,"Parliamentarian",0
195,195,361,308,682,531,"Parliamentarian",0
194,194,351,307,682,531,"Parliamentarian",0
193,193,341,307,682,531,"Parliamentarian",0
192,192,331,307,682,531,"Parliamentarian",0
191,191,322,308,682,531,"Parliamentarian",0
190,190,312,309,682,531,"Parliamentarian",0
189,189,283,316,682,531,"Parliamentarian",0
188,188,274,319,682,531,"Parliamentarian",0
187,187,265,323,682,531,"Parliamentarian",0
186,186,256,327,682,531,"Parliamentarian",0
185,185,248,331,682,531,"Parliamentarian",0
184,184,239,337,682,531,"Parliamentarian",0
183,183,231,342,682,531,"Parliamentarian",0
182,182,209,361,682,531,"Parliamentarian",0
181,181,202,368,682,531,"Parliamentarian",0
180,180,195,375,682,531,"Parliamentarian",0
179,179,189,383,682,531,"Parliamentarian",0
178,178,184,391,682,531,"Parliamentarian",0
177,177,178,399,682,531,"Parliamentarian",0
176,176,173,408,682,531,"Parliamentarian",0
175,175,169,416,682,531,"Parliamentarian",0
165,165,491,433,682,531,"Parliamentarian",0
164,164,487,424,682,531,"Parliamentarian",0
163,163,483,415,682,531,"Parliamentarian",0
162,162,477,407,682,531,"Parliamentarian",0
161,161,472,399,682,531,"Parliamentarian",0
160,160,466,391,682,531,"Parliamentarian",0
159,159,459,384,682,531,"Parliamentarian",0
158,158,437,365,682,531,"Parliamentarian",0
157,157,429,359,682,531,"Parliamentarian",0
156,156,421,354,682,531,"Parliamentarian",0
155,155,412,350,682,531,"Parliamentarian",0
154,154,403,346,682,531,"Parliamentarian",0
153,153,394,343,682,531,"Parliamentarian",0
152,152,366,336,682,531,"Parliamentarian",0
151,151,356,334,682,531,"Parliamentarian",0
150,150,346,334,682,531,"Parliamentarian",0
149,149,336,334,682,531,"Parliamentarian",0
148,148,327,334,682,531,"Parliamentarian",0
147,147,317,336,682,531,"Parliamentarian",0
146,146,289,343,682,531,"Parliamentarian",0
145,145,279,346,682,531,"Parliamentarian",0
144,144,271,350,682,531,"Parliamentarian",0
143,143,262,354,682,531,"Parliamentarian",0
142,142,253,359,682,531,"Parliamentarian",0
141,141,245,365,682,531,"Parliamentarian",0
140,140,223,384,682,531,"Parliamentarian",0
139,139,217,391,682,531,"Parliamentarian",0
138,138,211,399,682,531,"Parliamentarian",0
137,137,205,407,682,531,"Parliamentarian",0
136,136,200,415,682,531,"Parliamentarian",0
135,135,195,424,682,531,"Parliamentarian",0
134,134,191,433,682,531,"Parliamentarian",0
122,122,468,446,682,531,"Parliamentarian",0
121,121,464,437,682,531,"Parliamentarian",0
120,120,459,429,682,531,"Parliamentarian",0
119,119,454,420,682,531,"Parliamentarian",0
118,118,448,413,682,531,"Parliamentarian",0
117,117,442,405,682,531,"Parliamentarian",0
116,116,420,386,682,531,"Parliamentarian",0
115,115,411,380,682,531,"Parliamentarian",0
114,114,403,375,682,531,"Parliamentarian",0
113,113,394,371,682,531,"Parliamentarian",0
112,112,385,368,682,531,"Parliamentarian",0
111,111,375,365,682,531,"Parliamentarian",0
110,110,366,363,682,531,"Parliamentarian",0
109,109,356,362,682,531,"Parliamentarian",0
108,108,346,361,682,531,"Parliamentarian",0
107,107,336,361,682,531,"Parliamentarian",0
106,106,327,362,682,531,"Parliamentarian",0
105,105,317,363,682,531,"Parliamentarian",0
104,104,307,365,682,531,"Parliamentarian",0
103,103,298,368,682,531,"Parliamentarian",0
102,102,289,371,682,531,"Parliamentarian",0
101,101,280,375,682,531,"Parliamentarian",0
100,100,271,380,682,531,"Parliamentarian",0
99,99,263,386,682,531,"Parliamentarian",0
98,98,241,405,682,531,"Parliamentarian",0
97,97,234,413,682,531,"Parliamentarian",0
96,96,229,420,682,531,"Parliamentarian",0
95,95,223,429,682,531,"Parliamentarian",0
94,94,219,437,682,531,"Parliamentarian",0
93,93,215,446,682,531,"Parliamentarian",0
80,80,445,463,682,531,"Parliamentarian",0
79,79,442,454,682,531,"Parliamentarian",0
78,78,437,445,682,531,"Parliamentarian",0
77,77,432,437,682,531,"Parliamentarian",0
76,76,427,429,682,531,"Parliamentarian",0
75,75,405,409,682,531,"Parliamentarian",0
74,74,397,403,682,531,"Parliamentarian",0
73,73,389,399,682,531,"Parliamentarian",0
72,72,380,395,682,531,"Parliamentarian",0
71,71,370,392,682,531,"Parliamentarian",0
70,70,361,390,682,531,"Parliamentarian",0
69,69,351,388,682,531,"Parliamentarian",0
68,68,341,388,682,531,"Parliamentarian",0
67,67,331,388,682,531,"Parliamentarian",0
66,66,322,390,682,531,"Parliamentarian",0
65,65,312,392,682,531,"Parliamentarian",0
64,64,303,395,682,531,"Parliamentarian",0
63,63,294,399,682,531,"Parliamentarian",0
62,62,285,403,682,531,"Parliamentarian",0
61,61,277,409,682,531,"Parliamentarian",0
60,60,256,429,682,531,"Parliamentarian",0
59,59,250,437,682,531,"Parliamentarian",0
58,58,245,445,682,531,"Parliamentarian",0
57,57,241,454,682,531,"Parliamentarian",0
56,56,238,463,682,531,"Parliamentarian",0
45,45,420,475,682,531,"Parliamentarian",0
44,44,417,466,682,531,"Parliamentarian",0
43,43,413,457,682,531,"Parliamentarian",0
42,42,408,449,682,531,"Parliamentarian",0
41,41,387,429,682,531,"Parliamentarian",0
40,40,379,424,682,531,"Parliamentarian",0
39,39,370,420,682,531,"Parliamentarian",0
38,38,361,417,682,531,"Parliamentarian",0
37,37,351,415,682,531,"Parliamentarian",0
36,36,341,415,682,531,"Parliamentarian",0
35,35,332,415,682,531,"Parliamentarian",0
34,34,322,417,682,531,"Parliamentarian",0
33,33,313,420,682,531,"Parliamentarian",0
32,32,304,424,682,531,"Parliamentarian",0
31,31,295,429,682,531,"Parliamentarian",0
30,30,275,449,682,531,"Parliamentarian",0
29,29,269,457,682,531,"Parliamentarian",0
28,28,265,466,682,531,"Parliamentarian",0
27,27,262,475,682,531,"Parliamentarian",0
20,20,396,494,682,531,"Parliamentarian",0
19,19,395,485,682,531,"Parliamentarian",0
18,18,392,475,682,531,"Parliamentarian",0
17,17,387,466,682,531,"Parliamentarian",0
16,16,381,459,682,531,"Parliamentarian",0
15,15,374,452,682,531,"Parliamentarian",0
14,14,365,447,682,531,"Parliamentarian",0
13,13,356,444,682,531,"Parliamentarian",0
12,12,346,442,682,531,"Parliamentarian",0
11,11,336,442,682,531,"Parliamentarian",0
10,10,327,444,682,531,"Parliamentarian",0
9,9,317,447,682,531,"Parliamentarian",0
8,8,309,452,682,531,"Parliamentarian",0
7,7,301,459,682,531,"Parliamentarian",0
6,6,295,466,682,531,"Parliamentarian",0
5,5,291,475,682,531,"Parliamentarian",0
4,4,288,485,682,531,"Parliamentarian",0
3,3,286,494,682,531,"Parliamentarian",0
174,174,162,435,682,531,"Council",0
173,173,159,444,682,531,"Council",0
217,217,130,442,682,531,"Council",0
216,216,128,451,682,531,"Council",0
172,172,157,453,682,531,"Council",0
171,171,156,462,682,531,"Council",0
129,129,179,487,682,531,"Commission",0
130,130,180,477,682,531,"Commission",0
131,131,182,469,682,531,"Commission",0
132,132,184,459,682,531,"Commission",0
133,133,186,451,682,531,"Commission",0
23,23,258,525,682,531,"Council",0
24,24,258,516,682,531,"Council",0
25,25,258,506,682,531,"Council",0
26,26,259,497,682,531,"Council",0
87,87,204,510,682,531,"Parliamentarian",0
88,88,204,500,682,531,"Council",0
89,89,205,491,682,531,"Council",0
90,90,206,482,682,531,"Council",0
91,91,208,473,682,531,"Council",0
92,92,210,465,682,531,"Council",0
50,50,231,526,682,531,"Parliamentarian",0
51,51,230,517,682,531,"Council",0
52,52,230,508,682,531,"Council",0
53,53,230,499,682,531,"Council",0
54,54,231,490,682,531,"Council",0
55,55,233,481,682,531,"Council",0
